x1,y1,z1,x2,y2,z2,x3,y3,z3,x4,y4,z4 
-6.327, 2.7734, 2.2683, 0
-7.31, 4.8211, 6.9198, 0
-6.076, -9.08, 5.3085, 0
1.3252, -1.187, 5.5324, 0
2.418, 6.8275, 3.3462, 0
-1.631, -3.661, 4.7928, 0
-4.175, 6.4646, 4.0856, 0
-3.377, 4.9066, 2.6958, 0
-6.165, -2.308, 7.996, 0
-5.127, 5.4634, 3.2257, 0
-3.343, 6.9586, 6.9452, 0
-6.448, 1.2217, 4.0873, 0
-6.149, 5.9835, 2.5843, 0
2.4184, 4.9012, 3.3581, 0
3.1998, 2.0105, 5.8676, 0
3.7338, 1.8475, 4.8241, 0
2.4073, -1.513, 9.7093, 0
2.61, 7.8737, 4.6041, 0
3.4719, 3.2266, 2.5302, 0
3.2661, 2.0776, 7.8446, 0
-2.697, 3.4283, 2.9685, 0
-3.97, -1.796, 9.7194, 0
-2.679, 5.2116, 3.3068, 0
-3.315, 1.7903, 7.0302, 0
-2.608, 4.4317, 4.4754, 0
-2.809, -9.246, 7.1952, 0
-3.538, 7.7713, 9.1226, 0
-2.457, -6.015, 5.4879, 0
-2.929, -1.623, 4.2795, 0
-3.054, -2.207, 8.5885, 0
-3.632, -4.536, 4.9711, 0
-2.285, 1.1154, 6.5284, 0
-2.664, -3.571, 3.5776, 0
-2.599, 4.3849, 9.4013, 0
-3.961, -1.11, 2.2821, 0
-2.827, -7.413, 5.4136, 0
4.9813, 2.8953, 7.8684, 0
2.1843, 3.0675, 3.0236, 0
1.3545, 2.1292, 3.2024, 0
-3.622, 2.6571, 1.996, 0
-5.619, 3.3341, 6.8536, 0
4.5008, 2.8443, 7.3905, 0
-4.754, 3.6345, 6.1304, 0
4.3244, 3.7744, 9.6256, 0
-1.164, 2.6188, 5.7637, 0
-6.015, 3.5484, 1.0176, 0
-7.967, 2.9181, 3.9042, 0
-3.684, 2.4603, 3.2344, 0
1.7535, 3.7152, 3.4484, 0
-3.501, 2.5153, 6.9505, 0
3.9417, 2.7729, 5.8303, 0
2.8994, 2.6069, 7.6737, 0
-6.09, -2.316, 5.604, 0
-2.532, -2.355, 5.3801, 0
-4.487, -2.892, 3.6684, 0
-2.623, -2.793, 8.9386, 0
-1.574, -3.601, 6.7877, 0
-6.466, -2.578, 2.879, 0
-1.063, 5.3968, 3.3624, 0
-4.477, -1.652, 2.3954, 0
-4.999, -1.023, 2.9188, 0
-5.507, 8.2058, 2.8881, 0
-1.504, 7.7467, 3.2366, 0
-1.757, 8.1671, 2.8109, 0
-6.876, 5.331, 2.8642, 0
1.8789, 9.9277, 3.3971, 0
-3.336, 7.2612, 2.7553, 0
-7.388, 8.5667, 3.4493, 0
-2.34, 5.0878, 2.6276, 0
-3.115, 3.8596, 3.1066, 0
-5.425, 3.8646, 2.9174, 0
-1.144, 2.6251, 3.8993, 0
, , , 3.536, -4.495, 4.1474, 1
, , , 9.049, 2.7976, 1.198, 1
, , , 9.1024, -3.144, -1.477, 1
, , , 5.515, -7.045, 7.8495, 1
, , , 4.4954, -3.371, 1.1894, 1
, , , 4.421, -6.221, -1.873, 1
, , , 4.2168, -9.972, 4.7962, 1
, , , 7.1795, -1.526, -2.334, 1
, , , 5.8733, -2.913, -1.172, 1
, , , 7.8178, -1.478, -3.2, 1
, , , 2.9837, -9.831, -1.652, 1
, , , 3.0552, -4.777, 3.7052, 1
, , , 3.0155, -6.66, 1.2616, 1
, , , 3.7477, -4.169, 1.4888, 1
, , , 3.5921, -3.714, -6.732, 1
, , , 3.5935, 1.2588, 2.7734, 1
, , , 3.4237, -3.929, 6.6654, 1
, , , 2.425, -2.068, -2.639, 1
, , , 2.9239, -2.623, -6.729, 1
, , , 3.1882, -4.763, 5.1427, 1
, , , 2.9188, -8.296, -1.982, 1
, , , 3.0208, -4.917, 3.8233, 1
, , , 2.8268, -2.414, -1.438, 1
, , , 4.2011, 3.0555, 2.3061, 1
, , , 6.5986, 3.4463, -1.014, 1
, , , 6.1948, 3.2853, 2.7827, 1
, , , 4.2376, -3.013, 2.6318, 1
, , , 7.6406, -2.974, 3.049, 1
, , , 2.7343, -3.549, 6.0243, 1
, , , 5.6371, -2.668, 2.7222, 1
, , , 5.3112, -3.694, -4.462, 1
, , , 3.7424, -3.881, -1.786, 1
, , , 4.368, -2.849, -7.058, 1
, , , 8.5633, -2.928, -1.052, 1
, , , 5.0729, -3.698, -1.268, 1
, , , 6.3818, -2.885, -5.351, 1
, , , 7.259, -2.642, -3.925, 1
, , , 3.7815, -3.742, 4.2604, 1
, , , 8.6261, -2.57, 3.3396, 1
, , , 5.8395, 2.5262, 3.1644, 1
, , , 2.7868, -6.785, 3.019, 1
, , , 6.2873, -1.36, 2.9616, 1
, , , 2.8005, -3.32, 2.2802, 1
, , , 4.0849, -7.529, 2.7083, 1
, , , 4.0274, 3.0921, 2.1847, 1
, , , 7.4276, -4.498, 2.2895, 1
, , , 3.3853, -7.223, 2.402, 1
, , , 7.7703, 2.1774, 2.6711, 1
, , , 9.3523, 5.9569, 3.5325, 1
, , , 2.1594, -3.238, 2.1954, 1
, , , 6.6249, -3.781, -2.9, 1
, , , 6.4518, -2.765, -2.877, 1
, , , 6.4057, -5.286, -2.882, 1
, , , 6.6042, -2.595, -3.671, 1
, , , 3.9604, -8.583, -3.126, 1
, , , , , , -2.93, 5.9849, -6.326, 2
, , , , , , -1.645, 1.3881, -1.323, 2
, , , , , , -5.335, 6.2592, -5.75, 2
, , , , , , 8.785, 1.6895, -9.079, 2
, , , , , , 2.8051, 7.6974, -5.574, 2
, , , , , , 2.4499, 1.7566, -5.318, 2
, , , , , , 3.2664, 1.2518, -7.618, 2
, , , , , , 3.4118, 5.1666, -7.026, 2
, , , , , , 2.3872, 7.8451, -1.103, 2
, , , , , , 2.377, 4.9803, -3.822, 2
, , , , , , 2.9328, 7.1972, -3.477, 2
, , , , , , 2.7715, 3.6275, -6.699, 2
, , , , , , -3.308, 9.194, -9.169, 2
, , , , , , -3.464, 4.5879, -7.456, 2
, , , , , , -2.632, 6.839, -1.532, 2
, , , , , , -3.163, 2.868, -8.432, 2
, , , , , , -3.381, 3.0822, -6.897, 2
, , , , , , -2.942, 3.2968, -1.743, 2
, , , , , , 1.8684, 3.7066, -2.59, 2
, , , , , , 4.445, 3.4915, -7.458, 2
, , , , , , 2.6844, 3.662, -1.037, 2
, , , , , , -8.118, 2.9769, -4.047, 2
, , , , , , 2.7221, 2.2874, -2.431, 2
, , , , , , -3.839, 3.1077, -8.767, 2
, , , , , , 1.6665, 2.9869, -2.653, 2
, , , , , , 7.1598, 3.4674, -1.711, 2
, , , , , , 8.5445, 2.8952, -3.358, 2
, , , , , , 3.0842, 3.2932, -3.837, 2
, , , , , , 2.6075, 3.9144, 2.1766, 2
, , , , , , -7.498, 6.1694, -2.862, 2
, , , , , , -4.108, 4.6721, -3.643, 2
, , , , , , -5.758, 5.4877, -3.072, 2
, , , , , , 2.5719, 1.1488, -2.929, 2
, , , , , , -1.691, 4.0032, -2.853, 2
, , , , , , -5.122, 3.721, -3.357, 2
, , , , , , -1.328, 2.7527, -2.367, 2
, , , , , , 3.3866, 3.0142, -2.949, 2
, , , , , , -5.303, 5.7173, -3.122, 2
, , , , , , 4.8873, 6.8226, -3.026, 2
, , , , , , 1.433, 5.7872, -3.657, 2
, , , , , , 6.4769, 4.4422, -2.807, 2
, , , , , , -1.108, 1.6335, -3.038, 2
, , , , , , -6.941, 2.5877, -2.411, 2
, , , , , , -2.992, 7.1281, -3.642, 2
, , , , , , -5.061, 4.3353, -2.608, 2
, , , , , , , , , -5.45, -3.813, 1.738, 3
, , , , , , , , , -4.236, -5.994, -2.648, 3
, , , , , , , , , -2.87, -4.949, -6.343, 3
, , , , , , , , , -6.593, -5.381, -6.489, 3
, , , , , , , , , -7.706, -3.532, -3.906, 3
, , , , , , , , , 2.9169, -6.362, -4.596, 3
, , , , , , , , , 2.844, -7.875, -6.605, 3
, , , , , , , , , -2.575, -7.524, -2.258, 3
, , , , , , , , , -3.332, -2.213, -4.108, 3
, , , , , , , , , -2.186, -5.369, -8.933, 3
, , , , , , , , , -3.013, -8.24, -7.503, 3
, , , , , , , , , -2.833, -6.845, 2.9851, 3
, , , , , , , , , -2.722, -5.023, 2.45, 3
, , , , , , , , , -2.853, -7.889, -2.768, 3
, , , , , , , , , -2.762, -5.409, 2.5119, 3
, , , , , , , , , -3.595, -2.503, -2.606, 3
, , , , , , , , , -1.541, -2.382, -5.528, 3
, , , , , , , , , 1.0907, -2.872, -9.722, 3
, , , , , , , , , -2.554, -2.573, -3.692, 3
, , , , , , , , , -5.833, -3.539, 1.5687, 3
, , , , , , , , , -1.859, -2.834, -8.713, 3
, , , , , , , , , -1.572, -3.035, -4.473, 3
, , , , , , , , , -7.631, -3.121, 1.2815, 3
, , , , , , , , , -7.156, -3.174, -4.154, 3
, , , , , , , , , -1.482, -2.348, -1.989, 3
, , , , , , , , , -4.364, -3.189, -8.74, 3
, , , , , , , , , -3.803, -2.12, -2.01, 3
, , , , , , , , , -7.867, -2.969, -8.516, 3
, , , , , , , , , -1.185, -2.391, -1.168, 3
, , , , , , , , , -6.814, -3.885, 2.8523, 3
, , , , , , , , , -3.06, -9.159, 2.8842, 3
, , , , , , , , , -1.081, -8.31, -3.909, 3
, , , , , , , , , 2.2832, -5.137, -3.6, 3
, , , , , , , , , -5.1, -6.178, -3.543, 3
, , , , , , , , , -8.687, 1.3808, -3.152, 3
, , , , , , , , , -5.58, -1.385, -2.731, 3
, , , , , , , , , -3.201, -5.304, -2.43, 3
, , , , , , , , , -3.657, -4.919, -2.483, 3
, , , , , , , , , 1.7573, -5.347, -2.733, 3
, , , , , , , , , -4.063, -3.345, -2.885, 3
